pi_list,pi_cs_code,pi_part_code,pi_curr,pi_um,pi_start,pi__chr01
2H0001,2H0001,AHGCC1-014-5,RMB,PC,2009-8-1,结算价
2H0001,2H0001,AHGCC1-024-4,RMB,PC,2009-8-1,结算价
2H0001,2H0001,AHGCC1-024-41-CK,RMB,PC,2009-8-1,结算价
2H0001,2H0001,AHGCC1-024-5,RMB,PC,2009-8-1,结算价
2H0001,2H0001,AHGCC2-004-5,RMB,PC,2009-8-1,结算价
2H0001,2H0001,AHGCC2-004-51,RMB,PC,2009-8-1,结算价
2H0001,2H0001,AHGCC2-004-8,RMB,PC,2009-8-1,结算价
2H0001,2H0001,AHGFM1-014-1-CK,RMB,PC,2009-8-1,结算价
2H0001,2H0001,AHGFM1-024-1-CK,RMB,PC,2009-8-1,结算价
2H0001,2H0001,AHGFM2-004-1-CK,RMB,PC,2009-8-1,结算价
2H0001,2H0001,AHKPY1-014-1,RMB,PC,2009-8-1,结算价
2H0001,2H0001,AHKPY1-024-1,RMB,PC,2009-8-1,结算价
2SS001,2SS001,AHKRJ1-015-2-CK,USD,PC,2009-8-1,结算价
2SS001,2SS001,AHKRJ1-025-2-CK,USD,PC,2009-8-1,结算价
2SS001,2SS001,AHKTW1-016-0-CK,USD,PC,2009-8-1,结算价
2SS001,2SS001,AHKTW1-016-1-CK,USD,PC,2009-8-1,结算价
2SS001,2SS001,AHKTW1-026-0-CK,USD,PC,2009-8-1,结算价
2SS001,2SS001,AHKTW1-026-1-CK,USD,PC,2009-8-1,结算价
2SS001,2SS001,AHKTW2-004-0-CK,USD,PC,2009-8-1,结算价
2H0001,2H0001,AKSG-HGCC1-014-8,RMB,PC,2009-8-1,结算价
2H0001,2H0001,AKSG-HGCC1-024-8,RMB,PC,2009-8-1,结算价
4h1001,4h1001,MFAG03-N5F-0-JP,RMB,PC,2009-8-1,结算价
4H1001,4H1001,MFXA03-341-0-JP,RMB,PC,2009-8-1,计划价
4H1001,4H1001,MFXA03-N6C-0-JP,RMB,PC,2009-8-1,计划价
4H1003,4H1003,MHP0G7-550-0,RMB,PC,2009-8-1,结算价
4H1003,4H1003,MHP2A7-340-0,RMB,EA,2009-8-1,结算价
4H1003,4H1003,MHP2A7-341-0,RMB,EA,2009-8-1,结算价
4h1003,4h1003,MHP2A7-370-0,RMB,PC,2009-8-1,结算价
4H1003,4H1003,MHP2A7-517-0,RMB,PC,2009-8-1,结算价
4H1003,4H1003,MHP2A7-808-0,RMB,EA,2009-8-1,结算价
4h1003,4h1003,MHP8C7-555-00,RMB,EA,2009-8-1,结算价
4h1003,4h1003,MHPAA7-340-0,RMB,PC,2009-8-1,结算价
4h1003,4h1003,MHPAA7-342-0,RMB,EA,2009-8-1,结算价
4h1003,4h1003,MHPDA7-N0A-0,RMB,PC,2009-8-1,结算价
4H1003,4H1003,MHPLA7-319-0A,RMB,PC,2009-8-1,结算价
4H1003,4H1003,MHPLA7-340-0,RMB,PC,2009-8-1,结算价
4H1003,4H1003,MHPLA7-343-0,RMB,PC,2009-8-1,结算价
4h1003,4h1003,MHPLA7-555-0,RMB,PC,2009-8-1,计划价
4H1003,4H1003,MHPLA7-766-0,RMB,PC,2009-8-1,结算价
4h1003,4h1003,MHPNC7-319-0,RMB,PC,2009-8-1,结算价
4H1003,4H1003,MHPNC7-320-0,RMB,PC,2009-8-1,结算价
4H1003,4H1003,MHPNC7-766-0,RMB,PC,2009-8-1,结算价
4H1003,4H1003,MHPNC7-808-0,RMB,PC,2009-8-1,结算价
4h1003,4h1003,MHPNC7-808-1,RMB,PC,2009-8-1,结算价
4h1003,4h1003,MHPNC7-N0A-0,RMB,PC,2009-8-1,结算价
4h1003,4h1003,MHPNC7-S41-0,RMB,PC,2009-8-1,结算价
4H1003,4H1003,MHR407-320-20,RMB,PC,2009-8-1,结算价
4H1003,4H1003,MHR407-340-00,RMB,PC,2009-8-1,结算价
4h1003,4h1003,MHR407-340-10,RMB,EA,2009-8-1,结算价
4H1003,4H1003,MHR407-341-01,RMB,PC,2009-8-1,结算价
4H1003,4H1003,MHR407-555-00,RMB,PC,2009-8-1,结算价
4H1003,4H1003,MHR407-808-10,RMB,PC,2009-8-1,结算价
4H1003,4H1003,MHR407-A30-2-CK,RMB,PC,2009-8-1,计划价
4H1003,4H1003,MHR407-A30-4,RMB,PC,2009-8-1,计划价
4h1003,4h1003,MHR407-N0B-00,RMB,PC,2009-8-1,结算价
4H1003,4H1003,MHR607-A30-1-CK,RMB,PC,2009-8-1,计划价
4h1003,4h1003,MHR607-N0B-01,RMB,PC,2009-8-1,结算价
4H1003,4H1003,MHR707-340-20,RMB,PC,2009-8-1,结算价
4h1003,4h1003,MHR707-808-0,RMB,PC,2009-8-1,结算价
4H1003,4H1003,MHR707-A30-2-ASI,RMB,EA,2009-8-1,计划价
4h1003,4h1003,MHR707-N0B-10,RMB,PC,2009-8-1,结算价
4h1003,4h1003,MHRAA7-098-21,RMB,EA,2009-8-1,计划价
4H1003,4H1003,MHRAA7-808-0,RMB,PC,2009-8-1,结算价
4h1003,4h1003,MHRAA7-A30-2,RMB,ST,2009-8-1,计划价
4h1003,4h1003,MHRAA7-NOB-0,RMB,EA,2009-8-1,结算价
4h1003,4h1003,MHRCA7-098-0,RMB,EA,2009-8-1,结算价
4h1003,4h1003,MHRCA7-N0B-0,RMB,EA,2009-8-1,结算价
4h1003,4h1003,MHRDA7-S41-00,RMB,EA,2009-8-1,结算价
4h1003,4h1003,MHRFE7-098-02,RMB,EA,2009-8-1,结算价
4h1003,4h1003,MHRFE7-098-20,RMB,PC,2009-8-1,结算价
4H1003,4H1003,MHRFE7-A30-2,RMB,PC,2009-8-1,结算价
4H5002,4H5002,MHRFE7-N9B-0-CK3CR,RMB,PC,2009-8-1,结算价
4h1003,4h1003,MHRFH7-360-0,RMB,PC,2009-8-1,结算价
4h1003,4h1003,MHRLF7-A30-0,RMB,ST,2009-8-1,计划价
4h1003,4h1003,MHRNA7-N0B-0,RMB,PC,2009-8-1,结算价
4H1001,4H1001,MHS043-218-0,RMB,PC,2009-8-1,结算价
4h1001,4h1001,MHS043-N5C-1,RMB,PC,2009-8-1,结算价
4h1003,4h1003,MHS0A2-746-0,RMB,PC,2009-8-1,结算价
4h1003,4h1003,MHS0A2-780-0,RMB,PC,2009-8-1,结算价
4h1001,4h1001,MHS0AX-561-0-JP,RMB,PC,2009-8-1,结算价
4h1001,4h1001,MHS0AX-E90-0-JP,RMB,PC,2009-8-1,结算价
4h1001,4h1001,MHS0K3-341-1,RMB,PC,2009-8-1,计划价
4h1001,4h1001,MHS0K3-N5B-0,RMB,PC,2009-8-1,结算价
4H1001,4H1001,MHS0K3-N5K-0,RMB,PC,2009-8-1,计划价
4h1001,4h1001,MHS0K3-N6C-1,RMB,PC,2009-8-1,计划价
4H1001,4H1001,MHS0K3-NCB-0,RMB,PC,2009-8-1,结算价
4h1001,4h1001,MHS2AX-N5K-0-CK,RMB,PC,2009-8-1,计划价
4H1001,4H1001,MHS303-341-0-CK,RMB,PC,2009-8-1,计划价
4H1001,4H1001,MHS3M3-N58-0,RMB,PC,2009-8-1,结算价
4H1001,4H1001,MHS3N3-320-0,RMB,PC,2009-8-1,计划价
4H1001,4H1001,MHS3N3-415-0,RMB,PC,2009-8-1,结算价
4h1001,4h1001,MHS3N3-N58-0,RMB,PC,2009-8-1,结算价
4h1001,4h1001,MHS3N3-N59-0,RMB,PC,2009-8-1,结算价
4H1001,4H1001,MHS3N3-N5Y-0,RMB,PC,2009-8-1,结算价
4h1001,4h1001,MHS3N3-N60-0,RMB,PC,2009-8-1,结算价
4H1001,4H1001,MHS3N3-N6G-0,RMB,PC,2009-8-1,计划价
4h1001,4h1001,MHS3N3-N6K-0,RMB,PC,2009-8-1,结算价
4H1001,4H1001,MHS3N3-NE0-0,RMB,PC,2009-8-1,结算价
4h1003,4h1003,MHS4T1-106-0,RMB,PC,2009-8-1,结算价
4h1001,4h1001,MHS503-373-0,RMB,PC,2009-8-1,结算价
4H5002,4H5002,MHS503-410-0-CK3Cr,RMB,PC,2009-8-1,结算价
4h1001,4h1001,MHS503-P52-0,RMB,PC,2009-8-1,结算价
4h1003,4h1003,MHS5A2-345-0-ZD,RMB,PC,2009-8-1,结算价
4h1003,4h1003,MHS5A2-759-0,RMB,PC,2009-8-1,结算价
4h1001,4h1001,MHS5A3-55E-0,RMB,pc,2009-8-1,计划价
4h1001,4h1001,MHS5AX-218-0,RMB,PC,2009-8-1,计划价
4H1003,4H1003,MHS7A2-472-0,RMB,PC,2009-8-1,结算价
4h1003,4h1003,MHS841-380-3,RMB,PC,2009-8-1,结算价
4h1003,4h1003,MHS841-415-0,RMB,PC,2009-8-1,结算价
4H5002,4H5002,MHS841-578-0-3CrLX,RMB,PC,2009-8-1,结算价
4h1003,4h1003,MHS841-627-0-MK,RMB,PC,2009-8-1,结算价
4h1003,4h1003,MHS841-759-0,RMB,PC,2009-8-1,结算价
4h1003,4h1003,MHS842-003-2,RMB,PC,2009-8-1,结算价
4h1003,4h1003,MHS842-108-0,RMB,PC,2009-8-1,结算价
4h1003,4h1003,MHS842-380-2,RMB,PC,2009-8-1,结算价
4h1003,4h1003,MHS842-472-0,RMB,PC,2009-8-1,结算价
4h1003,4h1003,MHS842-627-0,RMB,PC,2009-8-1,结算价
4h1003,4h1003,MHS842-746-0,RMB,PC,2009-8-1,结算价
4h1003,4h1003,MHS842-758-0,RMB,PC,2009-8-1,结算价
4h1003,4h1003,MHS842-759-0,RMB,PC,2009-8-1,结算价
4h1003,4h1003,MHS842-780-0,RMB,PC,2009-8-1,结算价
4h1001,4h1001,MHS843-341-0-CK,RMB,PC,2009-8-1,结算价
4H1001,4H1001,MHS843-410-0,RMB,PC,2009-8-1,结算价
4H5002,4H5002,MHS843-410-0-CK3CR,RMB,PC,2009-8-1,结算价
4h1001,4h1001,MHS843-415-0,RMB,PC,2009-8-1,结算价
4h1001,4h1001,MHS843-469-0,RMB,PC,2009-8-1,结算价
4H1001,4H1001,MHS843-551-0,RMB,PC,2009-8-1,结算价
4h1001,4h1001,MHS843-N5C-0,RMB,PC,2009-8-1,结算价
4H1001,4H1001,MHS843-N5F-1,RMB,PC,2009-8-1,计划价
4H1001,4H1001,MHS843-N5K-0-CK,RMB,PC,2009-8-1,计划价
4h1001,4h1001,MHS843-N6C-0,RMB,PC,2009-8-1,计划价
4h1001,4h1001,MHS843-N6G-0-CK,RMB,pc,2009-8-1,计划价
4H1001,4H1001,MHS843-N6J-10,RMB,EA,2009-8-1,结算价
4h1003,4h1003,MHS871-380-2,RMB,PC,2009-8-1,结算价
4h1003,4h1003,MHSAA1-415-0,RMB,PC,2009-8-1,结算价
4h1003,4h1003,MHSAA1-746-0-CK,RMB,PC,2009-8-1,结算价
4h1003,4h1003,MHSAA2-472-1,RMB,PC,2009-8-1,结算价
4H1001,4H1001,MHSAAX-520-1,RMB,PC,2009-8-1,结算价
4H1001,4H1001,MHSAAX-H49-1,RMB,PC,2009-8-1,结算价
4H0004,4H0004,MHSAAX-YE0-20-06,USD,EA,2009-8-1,计划价
4H0004,4H0004,MHSAAX-YE0-30-06,USD,PC,2009-8-1,计划价
4h0004,4h0004,MHSAAX-YE0-51-06,USD,pc,2009-8-1,计划价
4H1001,4H1001,MHSAEX-H49-1-CK,RMB,pc,2009-8-1,结算价
4h1001,4h1001,MHSAEX-W48-02,RMB,PC,2009-8-1,结算价
4h1003,4h1003,MHSAG1-105-11-CK,RMB,PC,2009-8-1,结算价
4h1003,4h1003,MHSAG1-106-11-CK,RMB,pc,2009-8-1,结算价
4h1003,4h1003,MHSAG1-380-0,RMB,PC,2009-8-1,结算价
4h1003,4h1003,MHSAG1-380-1,RMB,PC,2009-8-1,计划价
4H1001,4H1001,MHSAGX-N50-1,RMB,PC,2009-8-1,结算价
4H1001,4H1001,MHSAGX-YE0-00-06,RMB,pc,2009-8-1,结算价
4H1001,4H1001,MHSAGX-YE0-10-06F,RMB,PC,2009-8-1,结算价
4H5002,4H5002,MHSB01-447-0-MK3Cr,RMB,PC,2009-8-1,结算价
4h1003,4h1003,MHSBG1-013-0,RMB,PC,2009-8-1,结算价
4h1003,4h1003,MHSBG1-105-0,RMB,PC,2009-8-1,结算价
4h1003,4h1003,MHSBG1-106-0,RMB,PC,2009-8-1,计划价
4H1003,4H1003,MHSCC1-517-10,RMB,PC,2009-8-1,计划价
4h1003,4h1003,MHSCC1-626-0-CK,RMB,PC,2009-8-1,结算价
4h1003,4h1003,MHSCP1-105-2,RMB,PC,2009-8-1,结算价
4h1003,4h1003,MHSCP1-106-2,RMB,PC,2009-8-1,结算价
4h1003,4h1003,MHSCP1-380-0,RMB,PC,2009-8-1,结算价
4h1003,4h1003,MHSCP2-108-2,RMB,PC,2009-8-1,结算价
4h1003,4h1003,MHSCP2-746-0,RMB,PC,2009-8-1,结算价
4h1001,4h1001,MHSCP3-N50-1,RMB,pc,2009-8-1,结算价
4H1001,4H1001,MHSCP3-N51-10-JP,RMB,PC,2009-8-1,结算价
4h1001,4h1001,MHSCP3-N53-1,RMB,PC,2009-8-1,结算价
4H1001,4H1001,MHSCP3-N57-1,RMB,PC,2009-8-1,结算价
4h1001,4h1001,MHSCP3-N62-1,RMB,PC,2009-8-1,结算价
4h1001,4h1001,MHSCP3-N63-1,RMB,PC,2009-8-1,结算价
4H1001,4H1001,MHSCP3-P08-1,RMB,PC,2009-8-1,结算价
4H1001,4H1001,MHSD43-N5B-0,RMB,PC,2009-8-1,结算价
4h1003,4h1003,MHSDA1-627-0,RMB,PC,2009-8-1,结算价
4h1003,4h1003,MHSDA1-746-0,RMB,PC,2009-8-1,计划价
4H1003,4H1003,MHSDA1-759-0,RMB,PC,2009-8-1,结算价
4h1003,4h1003,MHSDA1-780-0,RMB,PC,2009-8-1,结算价
4h5002,4h5002,MHSDA1-794-0,RMB,PC,2009-8-1,结算价
4h1003,4h1003,MHSDA2-415-0,RMB,PC,2009-8-1,结算价
4h1003,4h1003,MHSDA2-472-0,RMB,PC,2009-8-1,结算价
4h1003,4h1003,MHSDA2-759-1,RMB,PC,2009-8-1,结算价
4h1001,4h1001,MHSDA3-320-1,RMB,PC,2009-8-1,结算价
4H1001,4H1001,MHSDA3-321-0,RMB,PC,2009-8-1,结算价
4H1001,4H1001,MHSDA3-N50-1-06,RMB,PC,2009-8-1,结算价
4H1001,4H1001,MHSDA3-N53-30-05,RMB,pc,2009-8-1,结算价
4H1001,4H1001,MHSDA3-N57-1,RMB,PC,2009-8-1,结算价
4H1001,4H1001,MHSDA3-N59-0,RMB,PC,2009-8-1,结算价
4H1001,4H1001,MHSDA3-N5Y-01,RMB,EA,2009-8-1,结算价
4h1001,4h1001,MHSDA3-N5Y-0-CK,RMB,PC,2009-8-1,结算价
4h1001,4h1001,MHSDA3-N60-0,RMB,PC,2009-8-1,结算价
4H1001,4H1001,MHSDA3-N62-1,RMB,PC,2009-8-1,结算价
4H1001,4H1001,MHSDA3-N63-1,RMB,PC,2009-8-1,结算价
4H1001,4H1001,MHSDA3-N6K-0,RMB,PC,2009-8-1,结算价
4H1001,4H1001,MHSDA3-NCB-0,RMB,PC,2009-8-1,结算价
4H1001,4H1001,MHSDA3-NE0-0,RMB,PC,2009-8-1,结算价
4h1001,4h1001,MHSDA3-P08-1-LS,RMB,PC,2009-8-1,结算价
4h1003,4h1003,MHSDG1-108-0,RMB,PC,2009-8-1,结算价
4h1003,4h1003,MHSDG1-108-Z0-CK,RMB,PC,2009-8-1,结算价
4h1003,4h1003,MHSDG1-380-2,RMB,PC,2009-8-1,结算价
4H1003,4H1003,MHSDG1-380-3,RMB,PC,2009-8-1,结算价
4h1003,4h1003,MHSDG2-108-0,RMB,PC,2009-8-1,结算价
4h1003,4h1003,MHSDG2-108-Z0-CK,RMB,PC,2009-8-1,结算价
4H1003,4H1003,MHSDG2-380-1,RMB,PC,2009-8-1,结算价
4h1001,4h1001,MHSDG5-012-00-C,RMB,PC,2009-8-1,结算价
4h1001,4h1001,MHSDG5-022-00-C,RMB,PC,2009-8-1,结算价
4h1003,4h1003,MHSDH1-380-5,RMB,PC,2009-8-1,结算价
4H1003,4H1003,MHSDH2-380-2,RMB,PC,2009-8-1,结算价
4H5002,4H5002,MHSE01-138-0-3Cr,RMB,PC,2009-8-1,结算价
4H5002,4H5002,MHSE02-730-0-CK,RMB,PC,2009-8-1,结算价
4H5002,4H5002,MHSE02-732-0-DD3CR,RMB,PC,2009-8-1,结算价
4h1003,4h1003,MHSEL1-626-0,RMB,PC,2009-8-1,结算价
4h1003,4h1003,MHSEL1-759-0,RMB,PC,2009-8-1,结算价
4H1001,4H1001,MHSELX-520-1-CK,RMB,pc,2009-8-1,结算价
4H1001,4H1001,MHSELX-N5Y-0,RMB,PC,2009-8-1,结算价
4h1001,4h1001,MHSELX-N60-0,RMB,PC,2009-8-1,计划价
4h1001,4h1001,MHSELX-N60-1,RMB,PC,2009-8-1,计划价
4H1001,4H1001,MHSELX-NCB-0,RMB,PC,2009-8-1,结算价
4H1001,4H1001,MHSELX-NE0-0,RMB,PC,2009-8-1,结算价
4H1001,4H1001,MHSELX-NE0-1,RMB,PC,2009-8-1,结算价
4h1003,4h1003,MHSEN1-017-Y1-CK,RMB,PC,2009-8-1,结算价
4h1003,4h1003,MHSEN1-027-Y1-CK,RMB,PC,2009-8-1,结算价
4h1003,4h1003,MHSEN1-105-32-CK,RMB,PC,2009-8-1,结算价
4h1003,4h1003,MHSEN1-105-40-CK,RMB,PC,2009-8-1,结算价
4h1003,4h1003,MHSEN1-106-40-CK,RMB,PC,2009-8-1,结算价
4h1003,4h1003,MHSEN1-380-0,RMB,PC,2009-8-1,结算价
4H1003,4H1003,MHSEN1-380-1,RMB,PC,2009-8-1,结算价
4h1003,4h1003,MHSEN1-380-2,RMB,PC,2009-8-1,结算价
4h1003,4h1003,MHSEN1-380-3-CK,RMB,PC,2009-8-1,结算价
4h1003,4h1003,MHSEN1-380-4-CK,RMB,PC,2009-8-1,结算价
4h1003,4h1003,MHSEN1-415-0,RMB,PC,2009-8-1,结算价
4H1001,4H1001,MHSENX-0N1-3,RMB,ST,2009-8-1,结算价
4h1001,4h1001,MHSENX-341-0,RMB,PC,2009-8-1,结算价
4H1001,4H1001,MHSENX-342-0,RMB,PC,2009-8-1,结算价
4h1001,4h1001,MHSENX-555-0,RMB,PC,2009-8-1,结算价
4H1001,4H1001,MHSENX-N50-1-ZP,RMB,PC,2009-8-1,结算价
4H1001,4H1001,MHSENX-N50-3,RMB,pc,2009-8-1,结算价
4H1001,4H1001,MHSENX-N50-5-2ST,RMB,PC,2009-8-1,结算价
4h1001,4h1001,MHSENX-N58-0,RMB,PC,2009-8-1,结算价
4h1001,4h1001,MHSENX-N5B-0,RMB,PC,2009-8-1,结算价
4H1001,4H1001,MHSENX-N5K-0,RMB,PC,2009-8-1,结算价
4H1001,4H1001,MHSENX-N5K-1,RMB,PC,2009-8-1,结算价
4h1001,4h1001,MHSENX-W48-02-CK,RMB,pc,2009-8-1,结算价
4H1001,4H1001,MHSENX-YE0-00-06,RMB,pc,2009-8-1,结算价
4H1001,4H1001,MHSENX-YE0-10-06,RMB,PC,2009-8-1,结算价
4H1001,4H1001,MHSENX-YE0-20-06,RMB,pc,2009-8-1,结算价
4H1001,4H1001,MHSENX-YE0-30-06,RMB,pc,2009-8-1,结算价
4h1003,4h1003,MHSFE1-415-0,RMB,PC,2009-8-1,结算价
4h1003,4h1003,MHSFE2-627-0,RMB,PC,2009-8-1,结算价
4h1003,4h1003,MHSFE2-746-0,RMB,PC,2009-8-1,结算价
4H1003,4H1003,MHSFJ1-108-1,RMB,PC,2009-8-1,结算价
4h1003,4h1003,MHSFJ1-380-0,RMB,PC,2009-8-1,结算价
4h1003,4h1003,MHSFJ2-380-2,RMB,PC,2009-8-1,结算价
4h1003,4h1003,MHSFJ2-415-0,RMB,PC,2009-8-1,结算价
4H1001,4H1001,MHSFJ5-014-0,RMB,pc,2009-8-1,结算价
4H1001,4H1001,MHSFJ5-014-12-CH,RMB,PC,2009-8-1,结算价
4H1001,4H1001,MHSFJ5-024-0,RMB,pc,2009-8-1,结算价
4H1001,4H1001,MHSFJ5-024-12-CH,RMB,PC,2009-8-1,结算价
4h1003,4h1003,MHSG02-549-0,RMB,PC,2009-8-1,结算价
4H5002,4H5002,MHSH31-570-1-LX,RMB,PC,2009-8-1,结算价
4h1003,4h1003,MHSH31-570-1-ZX,RMB,PC,2009-8-1,结算价
4h5002,4h5002,MHSH31-732-0-3CR,RMB,PC,2009-8-1,结算价
4h1003,4h1003,MHSH31-732-0-SZ,RMB,PC,2009-8-1,结算价
4H1001,4H1001,MHSH35-638-0,RMB,PC,2009-8-1,结算价
4h1003,4h1003,MHSJK1-627-0,RMB,PC,2009-8-1,结算价
4H1001,4H1001,MHSJK3-N5Y-0-CK,RMB,PC,2009-8-1,计划价
4H1001,4H1001,MHSJK3-N6C-0,RMB,PC,2009-8-1,计划价
4H1001,4H1001,MHSJK3-NCB-0-CK,RMB,PC,2009-8-1,计划价
4h1003,4h1003,MHSL01-758-0,RMB,PC,2009-8-1,结算价
4H1001,4H1001,MHSL0X-551-0,RMB,PC,2009-8-1,结算价
4H1003,4H1003,MHSLG1-013-0-CK,RMB,PC,2009-8-1,计划价
4h1003,4h1003,MHSLG1-023-0-CK,RMB,PC,2009-8-1,计划价
4h1003,4h1003,MHSLG1-105-0-CK,RMB,PC,2009-8-1,计划价
4h1003,4h1003,MHSLG1-106-0-CK,RMB,PC,2009-8-1,计划价
4h1003,4h1003,MHSLG1-380-0-CK,RMB,PC,2009-8-1,计划价
4h1003,4h1003,MHSLG2-013-2-CK,RMB,PC,2009-8-1,计划价
4h1003,4h1003,MHSLG2-023-2-CK,RMB,PC,2009-8-1,计划价
4h1003,4h1003,MHSLG2-105-0-CK,RMB,PC,2009-8-1,计划价
4h1003,4h1003,MHSLG2-106-0-CK,RMB,PC,2009-8-1,计划价
4h1003,4h1003,MHSLG2-256-0-CK,RMB,PC,2009-8-1,计划价
4h1003,4h1003,MHSLG2-380-0-CK,RMB,PC,2009-8-1,计划价
4h1003,4h1003,MHSLG2-627-0-CK,RMB,PC,2009-8-1,计划价
4h1003,4h1003,MHSLG2-746-0-CK,RMB,PC,2009-8-1,计划价
4h1001,4h1001,MHSLG3-0N1-1-CK,RMB,PC,2009-8-1,结算价
4h1001,4h1001,MHSLG3-N50-1-CK,RMB,PC,2009-8-1,计划价
4H1001,4H1001,MHSLG3-N60-0-CK,RMB,PC,2009-8-1,计划价
4H1001,4H1001,MHSLG3-N62-1-CK,RMB,PC,2009-8-1,计划价
4H1001,4H1001,MHSLG3-N63-1-CK,RMB,PC,2009-8-1,计划价
4h1001,4h1001,MHSLG3-NE0-0-JP,RMB,PC,2009-8-1,结算价
4H1001,4H1001,MHSLG3-P08-1-CK,RMB,PC,2009-8-1,计划价
4h1003,4h1003,MHSLJ2-794-0-CK,RMB,PC,2009-8-1,结算价
4h1003,4h1003,MHSM42-415-1,RMB,PC,2009-8-1,结算价
4H5002,4H5002,MHSNA1-138-0-DD-CK,RMB,PC,2009-8-1,结算价
4H5002,4H5002,MHSNA2-794-0-TZ-CK,RMB,PC,2009-8-1,结算价
4H5002,4H5002,MHSNA3-P08-1-NZCK,RMB,PC,2009-8-1,结算价
4h1003,4h1003,MHSP01-732-1,RMB,PC,2009-8-1,结算价
4h1003,4h1003,MHSS01-415-0,RMB,PC,2009-8-1,结算价
4h1001,4h1001,MHST03-320-0,RMB,PC,2009-8-1,结算价
4h1001,4h1001,MHST03-341-A0,RMB,PC,2009-8-1,结算价
4h1003,4h1003,MHST03-555-0,RMB,PC,2009-8-1,结算价
4h1001,4h1001,MHST03-N6H-00,RMB,PC,2009-8-1,结算价
4H5002,4H5002,MHSTK1-138-1-3CR,RMB,PC,2009-8-1,结算价
4h1001,4h1001,MHSTK3-N5K-1-CK,RMB,PC,2009-8-1,计划价
4h1003,4h1003,MHSW51-758-0-JP,RMB,PC,2009-8-1,结算价
4H5002,4H5002,MHSWA1-626-0-TZ-CK,RMB,PC,2009-8-1,结算价
4H5002,4H5002,MHSWA2-408-0-CK3CR,RMB,PC,2009-8-1,结算价
4H5002,4H5002,MHSWA2-607-0-CK3CR,RMB,PC,2009-8-1,结算价
4H5002,4H5002,MHSWA2-627-0-TZ,RMB,PC,2009-8-1,结算价
4H5002,4H5002,MHSWA3-P08-1-CK,RMB,PC,2009-8-1,结算价
4H5002,4H5002,MHSWN2-607-08-3CR,RMB,PC,2009-8-1,结算价
4h1003,4h1003,MHSX02-472-0,RMB,PC,2009-8-1,结算价
4h1003,4h1003,MHSX02-627-0-MK,RMB,PC,2009-8-1,结算价
4H1001,4H1001,MHSZ53-320-0-CK,RMB,PC,2009-8-1,计划价
4H1001,4H1001,MHSZ53-N6G-0-CK,RMB,PC,2009-8-1,计划价
4h5002,4h5002,MHTA01-138-1-CK3CR,RMB,PC,2009-8-1,结算价
4h1003,4h1003,MHTA01-627-0-CK,RMB,PC,2009-8-1,结算价
4h5002,4h5002,MHTA01-747-0-CK,RMB,PC,2009-8-1,结算价
4H5002,4H5002,MHTA01-748-0-CK,RMB,PC,2009-8-1,结算价
4h1003,4h1003,MHTA01-759-0-CK,RMB,PC,2009-8-1,结算价
4H5002,4H5002,MHTA02-138-0-CK3CR,RMB,PC,2009-8-1,结算价
4h1003,4h1003,MHTA02-380-0-CK,RMB,PC,2009-8-1,结算价
4h1003,4h1003,MHTA02-746-0-CK,RMB,PC,2009-8-1,计划价
4H5002,4H5002,MHTA02-794-0-CK,RMB,PC,2009-8-1,结算价
4H1001,4H1001,MHTA03-342-20,RMB,PC,2009-8-1,结算价
4h1001,4h1001,MHTA03-517-0,RMB,PC,2009-8-1,结算价
4h1001,4h1001,MHTA03-549-0-JP,RMB,PC,2009-8-1,结算价
4h1001,4h1001,MHTA03-N58-0-CK,RMB,EA,2009-8-1,结算价
4H1001,4H1001,MHTA03-N60-0-CK,RMB,PC,2009-8-1,结算价
4h1001,4h1001,MHTA03-N62-1,RMB,PC,2009-8-1,结算价
4h1001,4h1001,MHTA03-N63-1,RMB,PC,2009-8-1,结算价
4h1001,4h1001,MHTA03-N6K-00,RMB,PC,2009-8-1,结算价
4h1001,4h1001,MHTA03-NCB-0-CK,RMB,PC,2009-8-1,结算价
4h1001,4h1001,MHTA03-NE0-10-CK,RMB,PC,2009-8-1,结算价
4h1001,4h1001,MHTA03-P08-1-CK,RMB,PC,2009-8-1,结算价
4h1001,4h1001,MHTA03-S71-0,RMB,PC,2009-8-1,结算价
4h1003,4h1003,MHTA11-380-3-CK,RMB,PC,2009-8-1,结算价
4h1003,4h1003,MHTA12-380-1-CK,RMB,PC,2009-8-1,结算价
4h1001,4h1001,MHTA13-N62-1,RMB,PC,2009-8-1,结算价
4h1003,4h1003,MHTB01-013-0-CK,RMB,EA,2009-8-1,结算价
4h1003,4h1003,MHTB01-013-3-CK,RMB,EA,2009-8-1,结算价
4H1003,4H1003,MHTB01-013-6-CK,RMB,EA,2009-8-1,结算价
4h1003,4h1003,MHTB01-023-0-CK,RMB,EA,2009-8-1,结算价
4H1003,4H1003,MHTB01-023-3-CK,RMB,EA,2009-8-1,结算价
4H1003,4H1003,MHTB01-023-6-CK,RMB,EA,2009-8-1,结算价
4h1003,4h1003,MHTB01-105-0-CK,RMB,PC,2009-8-1,结算价
4h1003,4h1003,MHTB01-106-0-CK,RMB,PC,2009-8-1,结算价
4h1003,4h1003,MHTB01-380-0-CK,RMB,PC,2009-8-1,结算价
4h1003,4h1003,MHTB01-380-1-CK,RMB,PC,2009-8-1,结算价
4h1003,4h1003,MHTB01-380-2-CK,RMB,PC,2009-8-1,结算价
4h1003,4h1003,MHTB02-013-0-CK,RMB,EA,2009-8-1,结算价
4h1003,4h1003,MHTB02-013-1-CK,RMB,EA,2009-8-1,结算价
4h1003,4h1003,MHTB02-023-0-CK,RMB,EA,2009-8-1,结算价
4H1003,4H1003,MHTB02-023-1-CK,RMB,EA,2009-8-1,结算价
4h1003,4h1003,MHTB02-108-0-CK,RMB,EA,2009-8-1,结算价
4h1003,4h1003,MHTB02-415-0-CK,RMB,PC,2009-8-1,计划价
4h1001,4h1001,MHTB03-0N1-1-CK,RMB,ST,2009-8-1,结算价
4h1001,4h1001,MHTB03-N50-1-CK,RMB,PC,2009-8-1,结算价
4h1003,4h1003,MHTB11-013-0-CK,RMB,EA,2009-8-1,结算价
4h1003,4h1003,MHTB11-023-0-CK,RMB,EA,2009-8-1,结算价
4h1003,4h1003,MHTB11-105-0-CK,RMB,PC,2009-8-1,结算价
4h1003,4h1003,MHTB11-106-0-CK,RMB,PC,2009-8-1,结算价
4h1003,4h1003,MHTB12-013-0-CK,RMB,EA,2009-8-1,结算价
4h1003,4h1003,MHTB12-023-0-CK,RMB,EA,2009-8-1,结算价
4h1003,4h1003,MHTB12-108-0-CK,RMB,EA,2009-8-1,结算价
4h1001,4h1001,MHTB13-0N1-1-CK,RMB,ST,2009-8-1,结算价
4h1001,4h1001,MHTB13-N50-1-CK,RMB,PC,2009-8-1,结算价
4h1003,4h1003,MHTF01-415-1,RMB,PC,2009-8-1,结算价
4h1003,4h1003,MHTF02-472-0-CK,RMB,PC,2009-8-1,结算价
4h1003,4h1003,MHTF02-746-0-CK,RMB,PC,2009-8-1,结算价
4H1001,4H1001,MHTF0X-532-1-CK3CR,RMB,PC,2009-8-1,结算价
4h1001,4h1001,MHTF0X-732-1-CK,RMB,PC,2009-8-1,结算价
4h1001,4h1001,MHTF0X-N58-0-CK,RMB,PC,2009-8-1,结算价
4h1001,4h1001,MHTF0X-N5F-0-JP,RMB,PC,2009-8-1,结算价
4h1001,4h1001,MHTF0X-N60-0-CK,RMB,PC,2009-8-1,结算价
4h1001,4h1001,MHTF0X-NE0-0-JP,RMB,PC,2009-8-1,结算价
4h1001,4h1001,MHTF0X-W48-3,RMB,PC,2009-8-1,结算价
4H0004,4H0004,MHTF0X-YE0-8-08,USD,pc,2009-8-1,结算价
4H0004,4H0004,MHTF0X-YE0-X-08,USD,pc,2009-8-1,结算价
4H0004,4H0004,MHTF0X-YE0-Y-08,USD,pc,2009-8-1,结算价
4h1003,4h1003,MHTG51-017-0-CK,RMB,ST,2009-8-1,结算价
4h1003,4h1003,MHTG51-017-1-CK,RMB,ST,2009-8-1,结算价
4h1003,4h1003,MHTG51-017-2-CK,RMB,ST,2009-8-1,结算价
4h1003,4h1003,MHTG51-017-4-CK,RMB,ST,2009-8-1,结算价
4h1003,4h1003,MHTG51-027-0-CK,RMB,ST,2009-8-1,结算价
4h1003,4h1003,MHTG51-027-1-CK,RMB,ST,2009-8-1,结算价
4H1003,4H1003,MHTG51-027-2-CK,RMB,ST,2009-8-1,结算价
4h1003,4h1003,MHTG51-027-4-CK,RMB,ST,2009-8-1,结算价
4h1003,4h1003,MHTG51-380-0-CK,RMB,PC,2009-8-1,结算价
4h1003,4h1003,MHTG51-380-1-CK,RMB,PC,2009-8-1,结算价
4h1003,4h1003,MHTG51-380-2-CK,RMB,PC,2009-8-1,结算价
4h1003,4h1003,MHTG51-380-3-CK,RMB,PC,2009-8-1,结算价
4h1003,4h1003,MHTG51-380-4-CK,RMB,PC,2009-8-1,结算价
4h1003,4h1003,MHTG51-533-0-CK,RMB,PC,2009-8-1,结算价
4H1003,4H1003,MHTG52-003-0-CK,RMB,ST,2009-8-1,结算价
4h1003,4h1003,MHTG52-003-1-CK,RMB,ST,2009-8-1,结算价
4h1003,4h1003,MHTG52-758-0-CK,RMB,PC,2009-8-1,结算价
4h0001,4h0001,MHTG5X-0N1-1-CK,RMB,ST,2009-8-1,结算价
4h1001,4h1001,MHTG5X-N50-1-CK,RMB,PC,2009-8-1,结算价
4h1001,4h1001,MHTG5X-YE0-0-08,RMB,pc,2009-8-1,结算价
4h1001,4h1001,MHTG5X-YE0-1-08,RMB,pc,2009-8-1,结算价
4h1001,4h1001,MHTG5X-YE0-3-08,RMB,pc,2009-8-1,结算价
4h1001,4h1001,MHTG5X-YE0-4-08,RMB,pc,2009-8-1,结算价
4H0004,4H0004,MHTH51-380-0-CK,USD,PC,2009-8-1,计划价
4H5002,4H5002,MHTL12-668-0,RMB,PC,2009-8-1,结算价
4h1003,4h1003,MHTM41-017-0-CK,RMB,ST,2009-8-1,结算价
4h1003,4h1003,MHTM41-017-1-CK,RMB,ST,2009-8-1,结算价
4h1003,4h1003,MHTM41-027-0-CK,RMB,ST,2009-8-1,结算价
4h1003,4h1003,MHTM41-027-1-CK,RMB,ST,2009-8-1,结算价
4h1003,4h1003,MHTM41-380-0-CK,RMB,PC,2009-8-1,结算价
4h1003,4h1003,MHTM41-380-1-CK,RMB,PC,2009-8-1,结算价
4h1003,4h1003,MHTM42-003-0-CK,RMB,ST,2009-8-1,结算价
4h1001,4h1001,MHTM4X-YE0-0-09,RMB,pc,2009-8-1,结算价
4H1001,4H1001,MHTM4X-YE0-1-09,RMB,pc,2009-8-1,结算价
4h1003,4h1003,MHTM51-017-0-CK,RMB,ST,2009-8-1,结算价
4h1003,4h1003,MHTM51-027-0-CK,RMB,ST,2009-8-1,结算价
4H1003,4H1003,MHTM51-105-0-CK,RMB,PC,2009-8-1,结算价
4H1003,4H1003,MHTM51-106-0-CK,RMB,PC,2009-8-1,结算价
4h1003,4h1003,MHTM51-380-0-CK,RMB,PC,2009-8-1,结算价
4h1003,4h1003,MHTM52-003-0-CK,RMB,ST,2009-8-1,结算价
4h1001,4h1001,MHTM5X-YE0-0-09,RMB,pc,2009-8-1,结算价
4H3001,4H3001,MSYN2X-727-1-CK,RMB,PC,2009-8-1,结算价
4H3001,4H3001,MSYN2X-WC4-0-CK,RMB,PC,2009-8-1,结算价
4H3001,4H3001,MSYN5X-N54-1,RMB,PC,2009-8-1,结算价
4H3001,4H3001,MSYY5X-727-1-CK,RMB,PC,2009-8-1,结算价
4H3001,4H3001,MSYY5X-N54-1-CK,RMB,PC,2009-8-1,结算价
4h1001,4h1001,MSYY5X-N5B-0-CK,RMB,PC,2009-8-1,计划价
4H3001,4H3001,MSYY5X-WC4-1-CK,RMB,PC,2009-8-1,结算价
4h1001,4h1001,MXJ61X-N58-1,RMB,PC,2009-8-1,计划价
4h0004,4h0004,PHTF0X-0N1-1-CK,USD,ST,2009-8-1,结算价
4h0004,4h0004,PHTF0X-0N1-3-CK,USD,ST,2009-8-1,结算价
4h0004,4h0004,PHTH51-017-0-CK,USD,ST,2009-8-1,结算价
4h0004,4h0004,PHTH51-017-2-CK,USD,ST,2009-8-1,结算价
4H0004,4H0004,PHTH51-017-3-CK,USD,ST,2009-8-1,结算价
4H0004,4H0004,PHTH51-027-0-CK,USD,ST,2009-8-1,结算价
4h0004,4h0004,PHTH51-027-2-CK,USD,ST,2009-8-1,结算价
4H0004,4H0004,PHTH51-027-3-CK,USD,ST,2009-8-1,结算价
4H0004,4H0004,PHTH52-003-0-CK,USD,ST,2009-8-1,结算价
4H0004,4H0004,PHTH52-003-1-CK,USD,ST,2009-8-1,结算价
