100-00083,"ASSY,CBL,AC250 POWER CAB",0B-C1-1-1A,2,400,4
100-00539,"ASSY,CBL,BLUE,AC250 POWE",0B-C1-1-1B,2,400,4
5-330-085-00,"DIODE,LED,GREEN,DIA3,THR",0B-C1-1-2A,1,1000,2
CZ-PH1-0211,"CONN,2 WAY SHORTING LINK",0B-C1-1-3B,1,2000,2
A573261,"ASSY,CABLE.ROUNDCABLE.RE",0B-C1-2-4A,1,750,2
CZ-PS6-1520,"CONN,15-W PRESS FIT HEAD",0B-C1-4-3A,10,980,20
CZ-NA7-0001,"MECHMISC,DOUBLE SIDED ST",0B-C1-5-1A,2,600,4
300-02416,"SOUNDER,LF,ELECTRO-MECHA",0B-C2-4-3A,1,500,2
CZ-OT1-0001,"SEMI,DEFUSED LED GREEN B",0B-C2-5-3A,3,1080,6
30Z034800A,MICRO ELECTRET EM100T,0E-B4-5-2,3,1500,6
5-532-373-01,"LIGHT PIPE,ACRYLIC *S-T-S*",D07-G2-1-2,2,2000,4
5-532-492-01,"MASK,MIRROR,NEOPRENE",D07-G2-1-4,1,2500,2
AD-K9890,LOOK DOWN MASK,D07-G2-2-3,1,2796,2
CZ-LS0-2105,"LABEL,BARCODE,NEWLEC NL2",D07-G2-5-4B,1,1000,2
5-806-151-03,"SCREW,SELF TAPPING",D07-G2-5-5B,1,5000,2
TLD10004,"SEMI,TH.LED.GN.4-10MCD@1",D09-E2-3-4B,1,1000,2
TXL40003,"RES,TH.X-TAL.RESONATOR.5",D09-E2-4-5A,1,1000,2
5-206-472-04,"CAP,CE,470PF,20%,100V,X7",DS2-A10-1-3B,2,4000,4
5-512-298-00,"FILTER,WAVEGUIDE,21.05GH",DS2-A10-1-5A,1,1000,2
5-512-457-00,GROUNDING CLIP,DS2-A10-1-5B,2,400,4
5-532-567-00,"CENTER CONDUCTOR,INSULAT",DS2-A10-2-1A,1,1000,2
5-724-009-00,"LUG,SOLDER,8,FLAT",DS2-A10-2-1B,1,10000,2
5-801-035-04,"SCREW,PH,PHIL,STEELAAZINC",DS2-A10-2-5B,1,5000,2
5-805-113-00,"SCREW,SOCKET,CUP,STEEL A",DS2-A10-3-3B,1,5000,2
5-811-000-00,"NUT,HEX,STEELAAZINC,4-40,",DS2-A10-3-5B,1,5000,2
5-811-021-00,"NUT,HEX,BRASS,10-32,1AA4~",DS2-A10-4-1A,1,1000,2
5-813-004-00,"KEPNUT,HEX,STEELAAZINC,M3",DS2-A10-4-2A,1,2000,2
5-901-003-00,"GUNN CONTACT,STANDARD",DS2-A10-5-1A,1,1000,2
5-901-012-01,"TUNER SCREW,10.5 GHZ",DS2-A10-5-1B,1,1000,2
5-901-022-00,"HOLDER,GUNN DIODE",DS2-A10-5-2B,1,1000,2
5-901-024-00,"POST,MIXER DIODE",DS2-A10-5-3B,1,1000,2
5-901-025-00,"PLATE,GUNN POST",DS2-A10-5-4A,1,1000,2
5-901-030-00,"INSULATOR,GUNN POST,MICA",DS2-A10-6-1A,1,5000,2
5-901-031-00,"SOLDER LUG,3MM",DS2-A10-6-1B,1,1000,2
5-901-034-00,GUNN DIODE HOLDER 9.4-9.,DS2-A10-6-2B,1,1000,2
5-901-044-00,"HOLDER,GUNN DIODE,SX4",DS2-A10-6-4A,1,1000,2
5-901-053-01,"ABSORBER,BACKPLATE,WAAG,9",DS2-A10-6-5A,1,10000,2
5-901-054-00,"HOLDER, TEMP, COMP. ROD,",DS2-A10-6-5B,1,1000,2
5-901-083-00,"FILTER PLATE,48.25GHZ,SK",DS2-A11-1-1C,1,200,2
900-01331,"BAG,PLASTIC,90MMX110MM",F1C-B7-1-3B,8,8000,16
AD-P8160-3LF,"CONN,LF,2 PINS,0.1 INCH",F1C-B7-2-1A,2,2000,4
AD-N8329GR,"WIRE,18AWG,BONDED,GREEN",F1C-B7-2-2A,1,1000,2
AD-N8329YE,"WIRE,18AWG,BONDED,YELLOW",F1C-B7-2-3A,1,1000,2
AD-N8329WH,"WIRE,18AWG,BONDED,WHITE",F1C-B7-2-3B,1,1000,2
AD-FP1928,"WIRE,18GA.BLACK,ON 5000F",F1C-B7-3-1,2,2160,4
AD-FP1930,"WIRE,18GA.RED,ON 5000FT",F1C-B7-3-2,1,1080,2
300-03891,"SENSOR,PIEZOCERAMIC FOR",F1C-C7-1-1A,1,1000,2
300-03891,"SENSOR,PIEZOCERAMIC FOR",F1C-C7-1-1A,1,1000,2
300-04261,"CONN,FLAG JUMPER,3A,2 PO",F1C-C7-1-1B,3,3000,6
700-01385,"WASHER ID3.5 OD6.9,TH 0.",F1C-C7-2-1A,2,2000,4
700-01381,"CABLE INLET RUBBER,SILIC",F1C-C7-2-1C,1,3000,2
5-181-003-00,"CERAMIC RESONATORS,RO207",F1F-F2-6-1,2,500,4
5-510-013-00,"DOME, KEYPAD, RADIO KEYF",F1F-F2-6-1,2,500,4
700-03291,"SPONGE,LCD CLIP,EPE,IS75",F1F-F2-7-1,1,1000,2
900-00484,"BAG,PLSTC,120X120MM,CLEA",F1F-F2-8-1,1,500,2
5-040-115-00,"PIR MASK,CEILING MOUNT",F2D-C5-1-2B,15,1500,30
5-532-238-00,"INSULATOR, SHIELD, DT-63",F2D-C5-2-5A,2,1000,4
5-512-040-00,"RFI,SHIELD,BOTTOM,DT-536",F2D-E6-4-1,2,1200,4
5-512-041-00,"RFI SHIELD,TOP,DT-6360ST",F2D-E6-4-2,2,720,4
AD-K3376-3LF,"DETECTOR,PYROELECTRIC",F2D-G1-3,3,3000,6
5-330-011-00,"LED,T1,GRN,TINTED CLEAR,",F3D-D7-2-2A,1,1000,2
5-330-011-00,"LED,T1,GRN,TINTED CLEAR,",F3D-D7-2-2A,1,1000,2
5-330-010-00,"LED,T1,YEL,TINTED CLEAR,",F3D-D7-2-2B,1,1000,2
5-330-010-00,"LED,T1,YEL,TINTED CLEAR,",F3D-D7-2-2B,1,1000,2
5-330-009-00,"LED,T1,RED,TINTED",F3D-D7-2-2C,1,1000,2
5-330-009-00,"LED,T1,RED,TINTED",F3D-D7-2-2C,1,1000,2
5-535-032-00,"FOAM,BUG GUARD",F3D-D9-1-3C,1,1000,2
F-043-020-00,"LABEL,HOOK-UP,IS-2260T",F3D-D9-4-1A,1,1000,2
AD-K6192,"LBL,WEEE LOGO",F3D-D9-4-1B,4,4000,8
800-00235,"LABEL,ROHS,10 YEAR,ORANG",F3D-E2-3-2C,1,2500,2
5-721-036-02,"CONNECTOR,JUMPER",F3D-E7-1-2C,4,4000,8
AD-K9053,MICROPHONE GROMMET WAASCR,F3D-E7-2-3C,1,1800,2
5-260-028-00,"RELAY,PG MTG,FORM IC,5V,",F3D-E8-1-1,10,700,20
5-743-052-10,"SWITCH,TACTILEAAKEY,PUSHB",F3D-E8-3-2C,1,1000,2
5-722-072-03,"TERMINAL STRIP,3 POS,90",F3D-E9-4-1,4,2400,8
800-12615,"LABEL,PULL-TAB,DUAL CR12",F3E-E10-1-2,5,3000,10
5-232-108-08,"CAP,LF,100UF,16V,20%,ALU",F3E-E10-3-1,1,2000,2
AD-N5970LF,"RESONATOR,LF,SAW,345MHZ,",F3E-E10-4-2,7,3500,14
5-881-047-00,"GROMMET,MIC,6MM ID,WAASCR",F3E-E10-4-3,2,2000,4
5-512-424-00,"SHIELD,MICROPHONE",F3E-E10-5-1,1,4800,2
5-031-033-00,"POLYBAG,CLEAR,AT&T,8710",F3E-E10-5-3,1,5000,2
5-764-005-00LF,"MICROPHONE,ELECT CONDENS",F4B-B8-2-4B,1,100,2
5-512-389-00,"GROUND STRAP,PYRO",F4B-B8-4-1A,2,6000,4
5-535-019-00,"FOAM,BUG GUARD",F4B-B8-4-2,3,3000,6
5-046-239-00,"LABEL,CEAAR & TTEAARFI",F4B-B9-3-1B,1,3000,2
5-046-240-00,"LABEL,CULUS",F4B-B9-3-2B,2,6000,4
5-048-042-01,"LABEL,C-TICK",F4B-B9-3-3A,1,1000,2
5-048-081-00,"LABEL,IMQ,DT-7450 EU",F4B-B9-3-5A,1,3000,2
5-048-089-00,"LABEL,ITALY,DT-7235T EU",F4B-B9-4-1A,1,2000,2
800-11467,"LABEL,HOOK-UP,DT7450-EOL",F4B-B9-4-5A,1,2000,2
AD-K6192,"LBL,WEEE LOGO",F4B-B9-5-5A,4,4000,8
100-00224,"CABLE,2 LINES,ONE VIDEO",F5B-F3-1-1,3,300,6
300-01139,"CONN,LF,TERM BLK,PLUGGAB",F5B-F3-2-1,7,350,14
300-01140,"CONN,LF,HEADER,8 POS,8A,",F5B-F3-2-1,5,250,10
700-00355,"SCREW,M3*8,F,PHILIPS,NI",F5B-F3-4-2,1,10000,2
800-04611,"LABEL,MOUNTING GUIDE,CPY",F5B-F3-6-3,1,500,2
610.0001,"TOOL&FIXT,ALLEN KEY,5/32",F5B-F3-7-1,2,400,4
700-00743,"WASHER,GIMBLE,HD5 *RISK",F5B-F3-9-2,1,1000,2
700-00925,"4MM x 20MM CSK,POZI WOOD",F5B-F3-9-2,1,3000,2
900-00057,"PLASTIC BAG,150*100*0.05",F5B-F3-9-3,5,500,10
100-00221,"CABLE,7 PINS,TWO TERMINA",F5E-F4-1-1,2,500,4
800-00367,"LABEL,MOUNTING GUIDE,CYP",F5E-F4-2-3,1,500,2
300-02251,"CONN,PLUG COMPPONENT,3-P",F5E-F4-3-1,5,250,10
700-00342,"SNAP,PLASTIC,BASE,GIMBLE",F5E-F4-5-4,3,600,6
627.0002,"FSTNR,WSHR,2MM,NYL,FLAT,",F5E-F4-6-1,1,1000,2
900-00057,"PLASTIC BAG,150*100*0.05",F5E-F4-6-3,5,500,10
700-01442,"TAB,CABLEEXIT,SIDE,CPYII",F5E-F4-8-1,2,500,4
700-00338,"PLUG,AL,WIRE,CYPRESS",F5F-F6-6-4,2,200,4
700-01275,"COVER,CABLE ACCESS,WALL",F5F-F6-9-1,1,300,2
AD-K6192,"LBL,WEEE LOGO",F5F-F6-9-2,1,1000,2
1-000160,POWER IND LIGHT WIRE ASS,F5G-F7-4-1,4,400,8
AD-K6192,"LBL,WEEE LOGO",F5G-F7-5-4,5,5000,10
5100095,"LABEL,COMPLIANCE,DR4201",F5G-F7-6-2,1,500,2
42107397001,"BAG,ANTISTATIC,6""X 8""PIN",F5G-F7-6-2,1,200,2
MPR06334,"LABEL,DOORGUARD FOR MB P",F7A-D4-5-1B,1,500,2
MPR06357,"LABEL,SOUNDERAAFLASHER W",F7A-D4-5-2B,1,200,2
MIM40001,"MECHPP,HOUSING",F7A-D4-6-2B,1,1000,2
A006087,COUNTERSUNK-FLAT-HEAD-SC,F7B-A2-1-2B,1,2000,2
A030007,"NUT,HEXAGON NUT,DIN934,M",F7B-A2-1-4B,1,2000,2
A034914,"FSTNR,SPRING-WASHER 4.DI",F7B-A2-2-1A,1,10000,2
A034918,"FSTNR,SPRING-WASHER 5.DI",F7B-A2-2-1B,1,5000,2
A051525,"BOLT,LOCKING,10X7MM",F7B-A2-2-2B,1,400,2
BFS62000,"BOLT,DISTANCE,M5X6,LENGT",F7B-A2-5-2A,1,350,2
MPR06008,"SUPPLEMENTARRY SHEET,INF",F7B-A2-5-3B,2,200,4
A009902,"SCREW,RECESSED FILLISTER",F7B-D4-1-3A,2,2000,4
A302345,"ARTWORK,LABEL,UNIT,TRANS",F7B-D4-2-2A,1,1500,2
A573002,"CABLE,RIBBON,RED-BLACK,2",F7B-D4-2-4A,1,100,2
BFS60001,"BOLT,SPACER,LF,M4-SW7-6.",F7B-D4-3-3A,1,250,2
MPR06046,"LABEL,026580,26X118MM,SE",F7B-D4-3-4A,1,400,2
MPR06049,"LABEL,026547,26X90MM,SEL",F7B-D4-3-4B,1,200,2
MPR06075,"LABEL,TERMINAL,4X133.8MM",F7B-D4-3-5B,1,10000,2
TFS04001,"FUSE,LF,TIME-LAG,0A16,25",F7B-D4-4-1B,5,500,10
A006074,COUNTERSUNK-FLAT-HEAD-SC,F9A-A4-1-3A,1,1000,2
A006085,COUNTERSUNK-FLAT-HEAD-SC,F9A-A4-1-4A,1,5000,2
A009875,RECESSED.FILLISTER-HEAD-,F9A-A4-2-2A,1,1000,2
A009891,RECESSED.FILLISTER-HEAD-,F9A-A4-2-2B,1,1000,2
A016041,HEXAGON-SOCKET.SET-SCREW,F9A-A4-2-5A,1,1000,2
A051532,"MECHPP,AXIS WITH KNURL A",F9A-A4-3-1A,1,1000,2
A058020,"LOCKING-BOLT.D7X27,7MM M",F9A-A4-3-1B,1,1000,2
A072601,"STOP-BOLT.6X6X9,3.1.0715",F9A-A4-3-3A,1,1000,2
A100388,"MECHPP,KEY RING,OUTER DI",F9A-A4-3-3B,7,700,14
A136040,COMPRESSION-SPRING.DIN.2,F9A-A4-4-4A,1,1000,2
A135110,COMPRESSION-SPRING.DIN.2,F9A-A4-4-4B,1,1000,2
TL130001,"IND,LF,COIL,COMPLETE,PRO",F9A-A4-6-2A,1,576,2
A114616,SOLDERING-TAB.BRASS.BAND,F9A-E4-1-3B,5,2500,10
A440045,"SEMI,LED,OP140A,G2,54",F9A-E4-2-3A,1,1000,2
88A445230,CERAMIC-SUBSTRATE.16X16X,F9A-E4-2-3B,1,100,2
MPR06157,LABEL,F9A-E4-3-1A,1,1000,2
MPR06159,LABEL,F9A-E4-3-1B,1,180,2
MPR06210,"OTHER,CONNECTION-DIAGRAM",F9A-E4-3-3A,1,500,2
SC312201,"CAP,2N2,50V,5%,CER,SMD12",F9A-E4-3-3B,2,2000,4
3IN017,"FSTNR,NUT 6BA BRASS HEX",F9B-A5-1-1A,1,10000,2
4213-028,"MECHPP,LINK SHORTING (ES",F9B-A5-1-3A,2,2000,4
CZ-3IS034,"MECHMISC,SPRING,ANTI-TMP",F9B-A5-1-4A,1,1000,2
CZ-3IS035,"FSTNR,SCR,4X19MM,PLASTI",F9B-A5-1-4B,1,3000,2
CZ-700-00268,"SPACER,LED,7.5MM,NYLON",F9B-A5-1-5A,1,2000,2
CZ-HM1-0220,"MISC,TO-220 HEATSINK INS",F9B-A5-2-1A,1,1000,2
CZ-MS1-9504,"FSTNR,SCREW,THREAD-FORMI",F9B-A5-2-3B,1,2000,2
CZ-PH1-0211,"CONN,2 WAY SHORTING LINK",F9B-A5-2-4B,1,2000,2
2PF038,"MISC,FUSE,125MA ANTI-SUR",F9B-E3-1-1A,1,1000,2
2PR249,"RES,RESISTOR 4K7 0.125W",F9B-E3-1-1B,1,1000,2
4LB190,"MECHMISC,LABEL INNER EUR",F9B-E3-1-5B,1,600,2
4LB197,"MECHMISC,LABEL INNER VIP",F9B-E3-2-1A,1,2048,2
4LB198,"MISC,VIPER GL LABEL",F9B-E3-2-1B,1,1000,2
CZ-LC1-2117,"LABEL,NEWLEC,LCD REMOTE",F9B-E3-2-5A,1,1000,2
CZ-OL1-0008,LED 3MM DIA. L=12.5MM GR,F9B-E3-3-5A,1,1000,2
CZ-OL2-0008,LED 3MM DIA. L=12.5MM RE,F9B-E3-3-5B,1,1000,2
A301738,"BADGE.BU,BK.14,85X42MM.C",F9C-D2-4-2A,1,500,2
A301748,"BADGE.BU,BK.14,85X42MM.C",F9C-D2-4-3B,1,250,2
4352-136,"MECHMISC,SPRING,ANTI-TMP",F9D-A5-3-2A,1,1000,2
A034910,"FSTNR,SPRING-WASHER 3.DI",F9D-A5-4-1A,1,1000,2
A340127,HEATSINK.MOUNTINGCLIP.FO,F9D-A5-4-3B,1,500,2
CZ-AE0-0001,"MECHMISC,MICO,ELECTRET C",F9D-A5-5-4A,5,500,10
2PS077,"MECHMISC,MEMBRANE,EMBOSS",F9D-E3-6-5A,5,1000,10
A014310,"SCREW,LF,PT.FILLISTER-HE",F9E-A3-1-3B,1,2000,2
A033546,"MOULD-INSERT-NUT M4.A1,5",F9E-A3-1-4B,1,1000,2
A034710,"FSTNR,TOOTHED-LOCK-WASHE",F9E-A3-1-5B,1,2000,2
A100120,CLUMPING-SCREW.M3.FOR.FL,F9E-A3-2-4A,1,100,2
A100121,ASSEMBLY-PLATE.FOR.FLUSH,F9E-A3-2-4B,1,200,2
A301235,INSERT-STRIPS.WH/BK.17-3,F9E-A3-3-1B,1,500,2
A301238,INSERT-STRIPS.WH/BK.65-8,F9E-A3-3-2B,1,500,2
A301239,INSERT-STRIPS.WH/BK.81-9,F9E-A3-3-2C,1,500,2
A301240,INSERT-STRIPS.WH/BK.97-9,F9E-A3-3-3A,1,500,2
A301327,INSERT-STRIPS.WH/BK.1-8.,F9E-A3-3-3B,1,500,2
A353576,"CONN,LF,PLUG,MODULAR,8P,",F9E-A3-4-3B,1,5000,2
A353614,PLUG.BLADETERMINAL.1P.1R,F9E-A3-4-4A,1,5000,2
A354040,SOLDER.LUG.RINGTONGUE 12,F9E-A3-4-4B,1,400,2
BFS65015,ROUND-SPACER.PLASTIC.NAT,F9E-A3-5-5A,1,1000,2
A009894,RECESSED.FILLISTER-HEAD-,F9E-E1-1-2B,1,2000,2
A014050,"FSTNR,PT.FILLISTER-HEAD-",F9E-E1-1-3B,2,4000,4
A100118,EXPANDING-CLAW.FOR.FLUSH,F9E-E1-2-2A,1,100,2
A301439,"MECHMISC,LBL,CE,TRANSPAR",F9E-E1-2-5B,1,1000,2
A302277,"ARTWORK,BADGE,TRANSPAREN",F9E-E1-3-2A,1,300,2
A307258,"ARTWORK,CONNECTION DIAGR",F9E-E1-3-5B,1,500,2
MPR06119,"LABEL,FOR DS7600,DS7700",F9E-E1-4-5A,1,1000,2
A301231,INSERT-STRIPS.WH/BK.NEUT,F9E-E5-2-3A,1,500,2
A301232,INSERT-STRIPS.WH/BK.1-16,F9E-E5-2-3B,1,500,2
A006046,"FSTNR,PT.COUNTERSUNK-SCR",F9F-A6-1-1A,1,5000,2
A022149,THREAD-INSERT.SONICLOK.L,F9F-A6-1-2A,1,5000,2
A033548,"MOULD-INSERT-NUT M3.A1,5",F9F-A6-1-2B,1,5000,2
A573261,"ASSY,CABLE.ROUNDCABLE.RE",F9F-A6-2-1C,1,750,2
A573934,"FSTNR,TUBE,GLASS BRAIDED",F9F-A6-2-2B,1,200,2
BFS90001,"LIGHT,GUIDE,LENGHT,A=10M",F9F-A6-3-1C,1,15000,2
A302492,BADGE.WSAABK.42X15MM.CE 2,F9F-E2-2-1A,1,1000,2
MPR06090,LABEL.FOR.032230.10 GLAS,F9F-E2-2-2B,1,1000,2
TS600008,"ACTUATOR,REED SW,NO,20-3",F9F-E2-3-2A,1,1000,2
TWD00012,"MISC,TH.WARNING-DEVICE.P",F9F-E2-3-2B,1,1000,2
CZ-RF4-6815,"RES,680R OHM,CF,330MW,5%",FB1-B3-3-1A,1,5000,2
700-03089-02V1,"LABEL,SAFETY,GALAXY POWE",FB1-C3-1-4A,4,1200,8
CZ-MO1-0008,"CAPTIVE NUT,GALAXY EN",FB1-C3-2-5B,1,1000,2
CZ-MO1-0040,M4 CAPTIVE NUT,FB1-C3-3-1B,2,2000,4
CZ-MS1-1208,"FSTNR,NO8 X 1AA2 SELF TAP",FB1-C3-3-4B,2,2000,4
CZ-MZ1-0001,RING-SPADE BATTERY TERMI,FB1-C3-4-1B,2,2000,4
CZ-WM2-0010,"CBL&WIR,WIRE 400MM 7AA0.2",FB1-C3-4-4B,5,1000,10
CZ-LQ1-1817,"LABEL,INCERT PSU APPROVA",FB1-C3-6-4A,1,1000,2
CZ-RM4-1021,"RES,1K MF RES 1AA4W 1PCNT",FB1-C4-1,4,20000,8
CZ-RM4-3021,"RES,3K MF RES 1AA4W 1PCNT",FB1-C4-2,4,20000,8
CZ-FT1-0003,20MM FUSED TERM BLOCK 3,FB1-C4-3-3,1,500,2
CZ-JP4-0001,"PKGNG,SAASEAL POLY BAG",FB1-C4-5-1,1,10000,2
CZ-LP1-1603,"MECHMISC,GX16AA16+ MK7 KAA",FB3-B2-1-1A,20,640,40
CZ-LP1-1629,GALAXY KEYPROX INLAY ADT,FB3-B2-2-1A,20,640,40
CZ-LP6-0010,GALAXY MK7 KEYPAD INLAY-,FB3-B2-2-3A,20,640,40
700-03132,"LABEL,MARK 7 KEYPAD",FB3-B2-2-4B,1,3000,2
CZ-LQ1-1707-M,"MECHMISC,CE ESD WARNING",FB3-B2-3-2A,1,10000,2
CZ-LQ1-1816,LABEL FOR MK7,FB3-B2-3-3A,1,1000,2
CZ-MS1-0422,"FSTNR,PT TYPE SELF TAPPI",FB3-B2-5-3A,1,10000,2
CZ-LP1-0028,"MECHMISC,KEYPROX STICKER",FB3-B2-5-3B,1,2000,2
CZ-LP1-1602,"MECHMISC,GALAXY MK7 KEYP",FB3-B2-6-1A,10,320,20
CZ-LX0-0001,"MECHMISC,LABEL,WEEE LOGO",FB4-B1-3-5B,1,10000,2
800-05420,"LABEL,BLANK,99X35MM",FB4-B1-4-3A,1,5000,2
800-06020,"LABEL,LF,INCERT C072 RIO",FB4-B1-4-4A,1,1000,2
800-07656,"LBL,DCM,WHITE LITHO STOC",FB4-B1-4-5A,1,1000,2
CZ-NP8-0750-M,"FSTNR,NSTEEL SPRING-H53",FB4-B3-2-1A,2,1000,4
800-06673,PANEL WIRING MAP LABEL,FE1-B4-2-1C,1,500,2
700-01254,"MECH,MLDPRT,ALTERNATIVE,",FE1-B4-3-1C,2,1200,4
700-02689,"GRAPPE PLAQUETTES,WHITE",FE1-B4-3-2,5,750,10
700-02809,"MECH,MISC,PIR CONDUCTIVE",FE3-B6-2-2A,1,1000,2
700-02895,"TAMPER SWITCH,RUBBER,SI8",FE3-B6-2-2C,1,1000,2
700-02937,"PULL-TAB,3X DBL A BATTER",FE3-B6-3-1A,2,1000,4
800-08014,"MECH,LABEL,SUCRE,SUG8UK-",FE3-B6-4-1B,1,3000,2
900-00892,"BAG,PLSTC,10X20CM",FE3-B6-4-3A,1,2000,2
99Z03350,SACHET MINIGRIP 60X 80MM,FE3-B6-4-3B,1,1000,2
